dbm;antenna;dbm;antenna;dbm;antenna
-122.05;A1;-141.01;B1;-61.97;C1
-120.48;A1;-141.3;B1;-63.98;C1
-118.17;A1;-141.9;B1;-64.91;C1
-121.96;A1;-146.15;B1;-63.23;C1
-118.49;A1;-146.31;B1;-61.4;C1
-118.89;A1;-144.93;B1;-67.23;C1
-122.94;A1;-144.44;B1;-63.93;C1
-122.01;A1;-142.17;B1;-66.79;C1
-120.92;A1;-145.14;B1;-66.62;C1
-119.79;A1;-141.64;B1;-66.4;C1
-118.11;A1;-147.43;B1;-62.97;C1
-119.82;A1;-143.91;B1;-67.29;C1
-122.43;A1;-146.95;B1;-66.68;C1
-116.36;A1;-141.1;B1;-62.5;C1
-116.55;A1;-144.8;B1;-64.66;C1
-120.41;A1;-145.72;B1;-62.68;C1
-116.86;A1;-144.38;B1;-65.97;C1
-118.47;A1;-147.24;B1;-61.08;C1
-118.68;A1;-143.38;B1;-62.86;C1
-122.37;A1;-146.5;B1;-63.85;C1
-122.32;A1;-144.66;B1;-65.49;C1
-119.05;A1;-143.72;B1;-66;C1
-122.18;A1;-146.69;B1;-61.55;C1
-117.07;A1;-143.03;B1;-64.34;C1
-121.31;A1;-145.83;B1;-62.09;C1
-119.54;A1;-144.08;B1;-67.28;C1
-121.51;A1;-144.94;B1;-66.81;C1
-117.92;A1;-142.59;B1;-67.25;C1
-122.74;A1;-146.34;B1;-61.57;C1
-120.01;A1;-145.9;B1;-61.29;C1
-116.1;A1;-142.91;B1;-63.56;C1
-122.6;A1;-143.01;B1;-67.13;C1
-116.19;A1;-141.78;B1;-62.19;C1
-121.1;A1;-145.02;B1;-65.9;C1
-119.38;A1;-141.68;B1;-64.53;C1
-120.82;A1;-146.1;B1;-61;C1
-120.14;A1;-142.75;B1;-65.43;C1
-120.56;A1;-141.18;B1;-66.04;C1
-116.27;A1;-143.84;B1;-64.73;C1
-120.35;A1;-147.65;B1;-66.65;C1
-117.26;A1;-147.68;B1;-65.92;C1
-117.05;A1;-143.32;B1;-63.38;C1
-117.26;A1;-142.46;B1;-67.56;C1
-121.36;A1;-146.28;B1;-61.72;C1
-117.47;A1;-141.58;B1;-64.15;C1
-116.53;A1;-143.27;B1;-64.49;C1
-119.51;A1;-147.38;B1;-63.83;C1
-121.63;A1;-145.89;B1;-66.21;C1
-117.11;A1;-143.11;B1;-63.16;C1
-116.9;A1;-146.66;B1;-62.65;C1
-130.04;A2;-139.21;B2;-74.76;C2
-130.21;A2;-138.24;B2;-73.35;C2
-130.59;A2;-137.62;B2;-76.21;C2
-128.2;A2;-139.95;B2;-76.11;C2
-125.63;A2;-138.71;B2;-74.13;C2
-129.31;A2;-137.68;B2;-74.28;C2
-125.41;A2;-138.2;B2;-73.44;C2
-127.99;A2;-136.32;B2;-75.65;C2
-129.8;A2;-140.3;B2;-77.61;C2
-128.7;A2;-136.22;B2;-76.24;C2
-127.31;A2;-134.3;B2;-77.13;C2
-128.63;A2;-140;B2;-76.32;C2
-129.26;A2;-135.8;B2;-73.1;C2
-125.18;A2;-139.76;B2;-73.1;C2
-126.58;A2;-139.74;B2;-74.76;C2
-125.54;A2;-140.42;B2;-77.08;C2
-128.14;A2;-137.75;B2;-75.01;C2
-126.41;A2;-139.13;B2;-73.31;C2
-124.11;A2;-139.97;B2;-77.28;C2
-130.3;A2;-140.24;B2;-75.82;C2
-128.31;A2;-137.23;B2;-72.75;C2
-125.57;A2;-134.48;B2;-73.19;C2
-129.55;A2;-135.37;B2;-74.29;C2
-126.75;A2;-137.57;B2;-74.66;C2
-124.33;A2;-136.74;B2;-71.34;C2
-128.97;A2;-138.31;B2;-75.04;C2
-125.75;A2;-138.04;B2;-72.07;C2
-127.96;A2;-138.84;B2;-75.15;C2
-127.11;A2;-134.23;B2;-72.62;C2
-129.41;A2;-136.53;B2;-71.04;C2
-125.49;A2;-138.34;B2;-73.29;C2
-129.28;A2;-134.99;B2;-73.32;C2
-125.87;A2;-138.77;B2;-73.99;C2
-125.96;A2;-134.78;B2;-71.63;C2
-129.96;A2;-135.24;B2;-75.04;C2
-124.87;A2;-139.31;B2;-75.01;C2
-126.15;A2;-134.21;B2;-74.46;C2
-127.69;A2;-135.89;B2;-77.09;C2
-130.03;A2;-136.26;B2;-75.21;C2
-126.86;A2;-134.56;B2;-74.82;C2
-130.75;A2;-138.1;B2;-75.34;C2
-127.05;A2;-140.84;B2;-76.99;C2
-128.69;A2;-138.11;B2;-75.57;C2
-129.67;A2;-135.17;B2;-76.57;C2
-124.19;A2;-135.8;B2;-77.26;C2
-125.99;A2;-140.1;B2;-74.95;C2
-125.4;A2;-139.63;B2;-71.18;C2
-128.4;A2;-135.29;B2;-72.78;C2
-125.65;A2;-135.46;B2;-77.74;C2
-125.5;A2;-138.65;B2;-75.47;C2
-130.35;A3;-128.15;B3;-97.73;C3
-133.2;A3;-133.56;B3;-91.5;C3
-133.43;A3;-132.95;B3;-95.64;C3
-134.06;A3;-132.2;B3;-95.66;C3
-131.1;A3;-131.18;B3;-94.88;C3
-134.36;A3;-130.68;B3;-92.36;C3
-132.81;A3;-128.22;B3;-91.07;C3
-129.99;A3;-129.19;B3;-93.99;C3
-133.55;A3;-130.97;B3;-95.5;C3
-134.37;A3;-134.42;B3;-91.37;C3
-129.75;A3;-134.3;B3;-95.76;C3
-134.84;A3;-129.96;B3;-95.79;C3
-128.46;A3;-133.55;B3;-97.46;C3
-129.12;A3;-129.32;B3;-94.08;C3
-133.52;A3;-131.64;B3;-95.61;C3
-130.28;A3;-134.87;B3;-94.73;C3
-132.86;A3;-131.61;B3;-97.56;C3
-129.66;A3;-133.87;B3;-97.35;C3
-131.83;A3;-130.08;B3;-93.39;C3
-134.37;A3;-132.59;B3;-97.31;C3
-133.32;A3;-130.76;B3;-92.63;C3
-131.05;A3;-132.72;B3;-94.38;C3
-134.17;A3;-134.59;B3;-92.8;C3
-131.33;A3;-131.26;B3;-94.36;C3
-134.25;A3;-129.73;B3;-94.62;C3
-130.02;A3;-132.71;B3;-91.46;C3
-133.36;A3;-128.07;B3;-91.47;C3
-131.93;A3;-133.97;B3;-93.24;C3
-130.65;A3;-128.37;B3;-94.64;C3
-133.9;A3;-134.46;B3;-95.25;C3
-132.56;A3;-132.83;B3;-92.02;C3
-131.42;A3;-129.73;B3;-96.99;C3
-129.81;A3;-134.35;B3;-95.93;C3
-132.2;A3;-131.8;B3;-92.07;C3
-134.04;A3;-129.69;B3;-97.46;C3
-129.33;A3;-132.92;B3;-95.71;C3
-134.16;A3;-129.65;B3;-97.74;C3
-131.78;A3;-128.59;B3;-96.99;C3
-133.47;A3;-128.8;B3;-92.02;C3
-131.88;A3;-129.41;B3;-97.37;C3
-129.75;A3;-130.99;B3;-96.19;C3
-132.42;A3;-131.72;B3;-96.68;C3
-133.65;A3;-133.9;B3;-93.68;C3
-134.8;A3;-130.43;B3;-94.01;C3
-131.94;A3;-133.01;B3;-92.44;C3
-134.18;A3;-130.48;B3;-97.01;C3
-129.51;A3;-133.81;B3;-96.93;C3
-134.54;A3;-134.78;B3;-91.74;C3
-132.9;A3;-132.19;B3;-93.38;C3
-133.92;A3;-133.27;B3;-96.53;C3
-140.46;A4;-129.21;B4;-101.17;C4
-135.6;A4;-127.12;B4;-97.55;C4
-137.42;A4;-130.22;B4;-101.32;C4
-134;A4;-126.21;B4;-102.07;C4
-135.72;A4;-125.19;B4;-96.29;C4
-140.98;A4;-124.38;B4;-101.76;C4
-137.09;A4;-129.03;B4;-99.45;C4
-137.38;A4;-127.91;B4;-100.05;C4
-134.6;A4;-125.89;B4;-96.76;C4
-139.01;A4;-124.94;B4;-97.72;C4
-138.61;A4;-130.25;B4;-99.97;C4
-135;A4;-130.67;B4;-100.25;C4
-138.71;A4;-129.08;B4;-101.63;C4
-136.32;A4;-127.01;B4;-96.05;C4
-138.67;A4;-128.08;B4;-97.63;C4
-138.87;A4;-129.2;B4;-101.61;C4
-139.97;A4;-128.34;B4;-96.2;C4
-136.3;A4;-129.96;B4;-98.89;C4
-138.7;A4;-124.15;B4;-100.94;C4
-136.59;A4;-124.88;B4;-97.81;C4
-137.19;A4;-124.94;B4;-97.06;C4
-134.92;A4;-128.75;B4;-96.45;C4
-140.27;A4;-130.9;B4;-98.94;C4
-135.8;A4;-124.08;B4;-96.99;C4
-136.23;A4;-129.91;B4;-97.46;C4
-138.99;A4;-126.64;B4;-100.21;C4
-139.85;A4;-129.63;B4;-98.06;C4
-140.52;A4;-127.29;B4;-97.33;C4
-139.33;A4;-128.12;B4;-102.18;C4
-138.29;A4;-127.28;B4;-99.12;C4
-136.3;A4;-124.4;B4;-98.07;C4
-134.65;A4;-124.76;B4;-99.06;C4
-136.89;A4;-128.07;B4;-100.88;C4
-140.78;A4;-125.4;B4;-100.63;C4
-136.28;A4;-128.14;B4;-96.54;C4
-134.24;A4;-124.04;B4;-100.2;C4
-137.82;A4;-130.38;B4;-98.36;C4
-138.33;A4;-125.55;B4;-102.57;C4
-137.21;A4;-124.91;B4;-96.39;C4
-138.25;A4;-128.57;B4;-99.3;C4
-140.43;A4;-124.56;B4;-98.9;C4
-135.21;A4;-127.91;B4;-101.46;C4
-140.55;A4;-130.45;B4;-99.51;C4
-138.22;A4;-124.52;B4;-99.39;C4
-136.36;A4;-130.64;B4;-100.04;C4
-139.07;A4;-130.49;B4;-100.72;C4
-140.84;A4;-125.16;B4;-100.51;C4
-136.08;A4;-128.45;B4;-101.5;C4
-137.29;A4;-127.29;B4;-97.91;C4
-139.51;A4;-126.03;B4;-98.56;C4
-141.45;A5;-120.2;B5;-108.48;C5
-147.79;A5;-120.62;B5;-104.46;C5
-144.11;A5;-118.61;B5;-104.87;C5
-143.49;A5;-117.1;B5;-107.2;C5
-141.16;A5;-122.75;B5;-108.81;C5
-145.49;A5;-118.99;B5;-104.97;C5
-144.82;A5;-117.04;B5;-110.97;C5
-142.04;A5;-117.41;B5;-108.65;C5
-141.53;A5;-116.14;B5;-110.91;C5
-144.85;A5;-117.19;B5;-107.12;C5
-142.41;A5;-119.61;B5;-108.53;C5
-142.79;A5;-117.14;B5;-107.81;C5
-145.1;A5;-116;B5;-104.35;C5
-141.62;A5;-120.89;B5;-107.43;C5
-142.46;A5;-121.1;B5;-108.56;C5
-145.11;A5;-116.6;B5;-105.05;C5
-145.34;A5;-121.25;B5;-106.21;C5
-141.16;A5;-118.85;B5;-107.97;C5
-147.4;A5;-120.15;B5;-105.99;C5
-145.59;A5;-121.43;B5;-107.73;C5
-141.47;A5;-116.04;B5;-106.22;C5
-144.59;A5;-120.94;B5;-109.48;C5
-141.64;A5;-118.87;B5;-108.06;C5
-144.59;A5;-120.38;B5;-104.79;C5
-145.69;A5;-118.8;B5;-107.24;C5
-146.35;A5;-116.13;B5;-108.26;C5
-147.27;A5;-121.81;B5;-105.3;C5
-141.26;A5;-116.55;B5;-108.08;C5
-144.06;A5;-117.74;B5;-104.31;C5
-147.35;A5;-122.33;B5;-105.6;C5
-147.81;A5;-120.41;B5;-106.11;C5
-147.88;A5;-121.72;B5;-108.65;C5
-145.93;A5;-118.7;B5;-108.32;C5
-141.73;A5;-118.38;B5;-107.17;C5
-147.19;A5;-119.86;B5;-104.5;C5
-146.92;A5;-118.3;B5;-110.69;C5
-147.34;A5;-122.81;B5;-110.98;C5
-145.91;A5;-122.05;B5;-110.36;C5
-142.48;A5;-121.44;B5;-107.6;C5
-145.73;A5;-120.1;B5;-107.74;C5
-146.67;A5;-121.62;B5;-110.8;C5
-143.58;A5;-120.56;B5;-104.53;C5
-147.67;A5;-119.58;B5;-108.8;C5
-141.84;A5;-117.36;B5;-105.23;C5
-147.7;A5;-121.25;B5;-104.03;C5
-146.15;A5;-120.03;B5;-107.81;C5
-141.28;A5;-118.66;B5;-104.19;C5
-141.6;A5;-116.03;B5;-107.69;C5
-144.97;A5;-119.85;B5;-110.16;C5
-143.65;A5;-116.32;B5;-105.8;C5
-112.16;A6;-138.29;B6;-97.41;C6
-111.2;A6;-137.82;B6;-99.74;C6
-114.56;A6;-135.9;B6;-97.26;C6
-115.88;A6;-139.95;B6;-97.34;C6
-117.3;A6;-136.63;B6;-99.2;C6
-117.46;A6;-139.7;B6;-100.65;C6
-111.43;A6;-138.32;B6;-95.89;C6
-116.21;A6;-141.3;B6;-95.14;C6
-115.97;A6;-136.73;B6;-97.74;C6
-113.15;A6;-135.66;B6;-99.88;C6
-115.96;A6;-138.63;B6;-100.4;C6
-111.18;A6;-141.8;B6;-98.45;C6
-113.19;A6;-138.86;B6;-96.3;C6
-113;A6;-139.17;B6;-97.56;C6
-114.75;A6;-140.88;B6;-99.87;C6
-116.49;A6;-140.56;B6;-99.81;C6
-111.59;A6;-139.5;B6;-96.2;C6
-112.98;A6;-137.87;B6;-96.07;C6
-113.6;A6;-141.62;B6;-98.44;C6
-116.34;A6;-140.38;B6;-100.14;C6
-112.44;A6;-139.35;B6;-96.25;C6
-114.33;A6;-138.6;B6;-96.28;C6
-114.28;A6;-141.5;B6;-97.08;C6
-112.73;A6;-139.28;B6;-99.25;C6
-117.69;A6;-139.46;B6;-94;C6
-116.49;A6;-140.97;B6;-97.17;C6
-111.52;A6;-140.45;B6;-98.72;C6
-112.07;A6;-138.32;B6;-98.65;C6
-113.7;A6;-138.51;B6;-100.55;C6
-113.47;A6;-136.14;B6;-99.29;C6
-115.05;A6;-139.06;B6;-94.07;C6
-117.35;A6;-141.8;B6;-97.21;C6
-115.44;A6;-137.09;B6;-100.91;C6
-112.81;A6;-141.35;B6;-94.95;C6
-117.77;A6;-138.17;B6;-100.71;C6
-113.3;A6;-140.9;B6;-100.92;C6
-112.95;A6;-138.3;B6;-95.16;C6
-113.5;A6;-137.1;B6;-97.05;C6
-117.06;A6;-135.11;B6;-99.79;C6
-111.08;A6;-137.72;B6;-95.71;C6
-114.73;A6;-136.66;B6;-98.91;C6
-114.23;A6;-137.8;B6;-99.25;C6
-115.82;A6;-137.48;B6;-100.89;C6
-111.42;A6;-135.93;B6;-97.89;C6
-112.37;A6;-137.12;B6;-97.17;C6
-117.03;A6;-136.06;B6;-95.79;C6
-113.44;A6;-135.17;B6;-96.17;C6
-116.97;A6;-140.42;B6;-98.42;C6
-116.55;A6;-140.97;B6;-99.34;C6
-115.2;A6;-135.86;B6;-99.95;C6
-121.32;A7;-128.69;B7;-112.88;C7
-124.21;A7;-131.78;B7;-113.17;C7
-121.77;A7;-130.74;B7;-112.9;C7
-123.44;A7;-131.89;B7;-109.7;C7
-124.09;A7;-131.47;B7;-111.68;C7
-122.7;A7;-126.6;B7;-111.45;C7
-127.99;A7;-130.21;B7;-114.4;C7
-122.54;A7;-127.26;B7;-111.82;C7
-122.01;A7;-131.46;B7;-111.28;C7
-122.16;A7;-129.08;B7;-110.56;C7
-123.39;A7;-128.86;B7;-111.97;C7
-127.67;A7;-128.47;B7;-114.31;C7
-124.61;A7;-128.74;B7;-114.84;C7
-122.99;A7;-131.75;B7;-113.99;C7
-124.75;A7;-127.5;B7;-111;C7
-121.83;A7;-129.48;B7;-108.19;C7
-127.4;A7;-127.93;B7;-111.2;C7
-121.91;A7;-132.71;B7;-111.83;C7
-121.6;A7;-127.2;B7;-111.38;C7
-121.57;A7;-127.07;B7;-110.6;C7
-122.52;A7;-130.78;B7;-112.61;C7
-127.69;A7;-131.35;B7;-114.61;C7
-125.91;A7;-130.88;B7;-110.59;C7
-124.73;A7;-129.67;B7;-108.56;C7
-121.52;A7;-128.07;B7;-112.51;C7
-125.99;A7;-130.44;B7;-112.2;C7
-125.34;A7;-129.51;B7;-109.81;C7
-122.53;A7;-129.78;B7;-108.93;C7
-125.26;A7;-132.98;B7;-113.76;C7
-122.83;A7;-130.99;B7;-113.59;C7
-127.1;A7;-127.05;B7;-112.7;C7
-125.27;A7;-129.26;B7;-113.8;C7
-123.38;A7;-126.86;B7;-110.94;C7
-123.21;A7;-126.84;B7;-109.77;C7
-127.21;A7;-127.57;B7;-109.16;C7
-125.99;A7;-131.24;B7;-108.22;C7
-122.15;A7;-129.38;B7;-113.8;C7
-127.64;A7;-127.27;B7;-109.14;C7
-123.27;A7;-128.46;B7;-110.14;C7
-124.08;A7;-128.96;B7;-110.79;C7
-127.77;A7;-127.99;B7;-113.25;C7
-122.67;A7;-126.32;B7;-114.43;C7
-126.43;A7;-127.35;B7;-113.42;C7
-121.41;A7;-126.94;B7;-109.46;C7
-125.55;A7;-129.28;B7;-111.41;C7
-121.91;A7;-126.67;B7;-114.95;C7
-126.28;A7;-126.78;B7;-113.69;C7
-121.63;A7;-130.19;B7;-114.56;C7
-124.59;A7;-129.5;B7;-114.87;C7
-126.45;A7;-129.62;B7;-113.07;C7
-127.47;A8;-128.63;B8;-116.45;C8
-124.83;A8;-128.38;B8;-114.73;C8
-126.78;A8;-125.52;B8;-120.65;C8
-127.89;A8;-128.48;B8;-120.71;C8
-129.43;A8;-123.11;B8;-120.02;C8
-123.77;A8;-128.94;B8;-118.16;C8
-123.04;A8;-127.01;B8;-116.15;C8
-128.33;A8;-127.04;B8;-114.43;C8
-129.29;A8;-127.47;B8;-116.83;C8
-126.28;A8;-127.42;B8;-120.43;C8
-125.56;A8;-124.47;B8;-118.63;C8
-124.82;A8;-127.06;B8;-115.44;C8
-123.67;A8;-124.97;B8;-114.1;C8
-128.81;A8;-127.79;B8;-116.83;C8
-129.87;A8;-125.66;B8;-119.24;C8
-125.27;A8;-125.85;B8;-120.44;C8
-128.51;A8;-124.87;B8;-118.05;C8
-128.77;A8;-128;B8;-118.52;C8
-128.67;A8;-123.22;B8;-120.29;C8
-127.68;A8;-124.16;B8;-116.33;C8
-126.5;A8;-125.06;B8;-115.2;C8
-125.93;A8;-129.46;B8;-120.7;C8
-129.81;A8;-124.72;B8;-119.79;C8
-123.8;A8;-127.44;B8;-120.45;C8
-127.76;A8;-127.84;B8;-116.11;C8
-124.21;A8;-129.97;B8;-115.1;C8
-123.85;A8;-123.97;B8;-114.39;C8
-129.57;A8;-124.77;B8;-119.28;C8
-129.67;A8;-123.96;B8;-118.58;C8
-129.97;A8;-126.98;B8;-117.14;C8
-125.02;A8;-123.19;B8;-119.83;C8
-123.77;A8;-126.83;B8;-117.04;C8
-124.11;A8;-124.66;B8;-120.56;C8
-124.47;A8;-123.03;B8;-120.83;C8
-123.81;A8;-125.65;B8;-114.93;C8
-128.39;A8;-124.23;B8;-114.74;C8
-126.97;A8;-124.25;B8;-120.86;C8
-128.48;A8;-127.51;B8;-119.08;C8
-127.28;A8;-128.24;B8;-117.95;C8
-128.98;A8;-129.4;B8;-114.31;C8
-124.45;A8;-129.28;B8;-116.3;C8
-128.54;A8;-126.78;B8;-116.93;C8
-129;A8;-123.09;B8;-119.19;C8
-125.1;A8;-126.06;B8;-118.7;C8
-128.67;A8;-124.49;B8;-114.66;C8
-125.27;A8;-125.22;B8;-117.2;C8
-124.97;A8;-127.35;B8;-115.68;C8
-128.04;A8;-129.28;B8;-114.06;C8
-123.13;A8;-126.64;B8;-120.85;C8
-127.95;A9;-125.42;B9;-111.35;C9
-128.64;A9;-121.92;B9;-108.67;C9
-126.15;A9;-124.74;B9;-113.45;C9
-127.61;A9;-124.97;B9;-109.19;C9
-129.06;A9;-121.93;B9;-113.64;C9
-131.53;A9;-123.91;B9;-114.77;C9
-130.35;A9;-122.94;B9;-111.08;C9
-127.94;A9;-125.56;B9;-113.14;C9
-126.48;A9;-127.44;B9;-112.11;C9
-127.74;A9;-126.78;B9;-112.53;C9
-126.26;A9;-127.3;B9;-109.3;C9
-127.91;A9;-126.08;B9;-114.36;C9
-130.32;A9;-127.23;B9;-112.35;C9
-129.67;A9;-121.25;B9;-109.32;C9
-126.36;A9;-124.43;B9;-112.62;C9
-127.38;A9;-123.7;B9;-111.41;C9
-126.93;A9;-127.4;B9;-109.99;C9
-126.09;A9;-121.83;B9;-112.95;C9
-128.9;A9;-121.19;B9;-114.09;C9
-128.31;A9;-124.63;B9;-114.56;C9
-132.74;A9;-124.55;B9;-109.75;C9
-132.45;A9;-127.63;B9;-108.97;C9
-127.99;A9;-121.26;B9;-114.95;C9
-128.38;A9;-124.03;B9;-113.04;C9
-129.33;A9;-125.12;B9;-111.36;C9
-126.61;A9;-121.31;B9;-110.79;C9
-132.37;A9;-121.4;B9;-112.05;C9
-132.5;A9;-121.85;B9;-109.83;C9
-128.21;A9;-126.55;B9;-113.99;C9
-128.23;A9;-123.3;B9;-113.51;C9
-126.42;A9;-127.15;B9;-113.18;C9
-132.21;A9;-125.83;B9;-114.85;C9
-129.24;A9;-127.31;B9;-110.47;C9
-132.91;A9;-122.58;B9;-114.3;C9
-127.54;A9;-123.63;B9;-111.93;C9
-130.22;A9;-123.81;B9;-111.34;C9
-127.83;A9;-125.97;B9;-114.76;C9
-128.75;A9;-127.54;B9;-109.15;C9
-129;A9;-124.2;B9;-113.82;C9
-130.22;A9;-124.01;B9;-113.38;C9
-129.82;A9;-123.12;B9;-108.47;C9
-132.57;A9;-125.45;B9;-110.99;C9
-126.22;A9;-123.93;B9;-108.44;C9
-128.96;A9;-121.74;B9;-109.69;C9
-130.54;A9;-125.47;B9;-112.4;C9
-132.71;A9;-121.54;B9;-111.1;C9
-132.52;A9;-125.16;B9;-111.95;C9
-129.43;A9;-121.72;B9;-114.85;C9
-129.23;A9;-123.13;B9;-113.97;C9
-127.3;A9;-126.31;B9;-114.23;C9
-129.41;A9;-125.2;B9;-112.38;C9
-139.02;A10;-113.8;B10;-112.38;C10
-137.23;A10;-114.1;B10;-113.45;C10
-138.15;A10;-116.67;B10;-111.31;C10
-139.08;A10;-113.1;B10;-112.4;C10
-141.85;A10;-116.07;B10;-113.85;C10
-139.74;A10;-115.68;B10;-114.66;C10
-138.5;A10;-115.04;B10;-108.45;C10
-139.75;A10;-115.31;B10;-113.24;C10
-135.58;A10;-113.08;B10;-114.77;C10
-136.78;A10;-111.14;B10;-114.51;C10
-139.13;A10;-111.89;B10;-109.45;C10
-140.73;A10;-115.99;B10;-112.46;C10
-139.31;A10;-114.25;B10;-110.57;C10
-137.13;A10;-114.29;B10;-110.37;C10
-136.24;A10;-115.88;B10;-108.68;C10
-136.43;A10;-113.59;B10;-112.48;C10
-136.5;A10;-116.76;B10;-114.92;C10
-139;A10;-114.04;B10;-109.23;C10
-140.54;A10;-116.85;B10;-113.9;C10
-138.14;A10;-114.73;B10;-113.38;C10
-140.97;A10;-117.89;B10;-114.2;C10
-135.37;A10;-113.61;B10;-113.76;C10
-141.15;A10;-111.73;B10;-114.38;C10
-139.44;A10;-112.86;B10;-109.93;C10
-139.28;A10;-111.51;B10;-108.09;C10
-136;A10;-112.2;B10;-112.66;C10
-141.98;A10;-115.65;B10;-112.51;C10
-140.8;A10;-112.36;B10;-110.86;C10
-138.1;A10;-111.59;B10;-112.12;C10
-137.09;A10;-117.62;B10;-108.51;C10
-135.02;A10;-115.77;B10;-109.47;C10
-140.15;A10;-117.17;B10;-114.33;C10
-141.44;A10;-114.29;B10;-113.86;C10
-136.48;A10;-111.74;B10;-113.5;C10
-138.48;A10;-117.56;B10;-112.47;C10
-139.16;A10;-117.16;B10;-110.25;C10
-140.04;A10;-114.75;B10;-108.19;C10
-136.57;A10;-113.23;B10;-108.39;C10
-139.68;A10;-115.78;B10;-112.71;C10
-141.41;A10;-117.04;B10;-114.94;C10
-136.93;A10;-116.39;B10;-108.2;C10
-140.43;A10;-116.38;B10;-111.95;C10
-139.92;A10;-114.63;B10;-110.49;C10
-141.5;A10;-115.36;B10;-110.34;C10
-137.15;A10;-116.74;B10;-110.95;C10
-136.45;A10;-116.25;B10;-108.68;C10
-136.06;A10;-114.7;B10;-114.5;C10
-140.59;A10;-114.11;B10;-111.79;C10
-136.6;A10;-116.18;B10;-114.84;C10
-135.07;A10;-116.47;B10;-114.82;C10
-105.36;A11;-137.03;B11;-130.81;C11
-104.48;A11;-134.43;B11;-127.17;C11
-110.98;A11;-135.41;B11;-129.66;C11
-108.06;A11;-133.83;B11;-130.13;C11
-109.05;A11;-132.27;B11;-129.43;C11
-106.08;A11;-136.95;B11;-130.32;C11
-109.06;A11;-134.55;B11;-130.33;C11
-109.65;A11;-137.67;B11;-130.37;C11
-106.13;A11;-137.58;B11;-131.6;C11
-109.71;A11;-133.74;B11;-129.93;C11
-106.68;A11;-134.52;B11;-127.07;C11
-110.04;A11;-137.21;B11;-126.63;C11
-104.31;A11;-135.91;B11;-126.09;C11
-107.12;A11;-131.96;B11;-130.13;C11
-106.25;A11;-132.52;B11;-130.63;C11
-109.57;A11;-131.01;B11;-130.14;C11
-108.89;A11;-133.52;B11;-130.81;C11
-108.77;A11;-132.22;B11;-132.1;C11
-106.29;A11;-135.33;B11;-130.67;C11
-110.34;A11;-136.52;B11;-132.78;C11
-110.39;A11;-137.94;B11;-128.65;C11
-106.16;A11;-137.52;B11;-131.29;C11
-107.91;A11;-135.37;B11;-130.3;C11
-109.18;A11;-137.75;B11;-131.78;C11
-108.68;A11;-132.82;B11;-132.59;C11
-107.69;A11;-132.35;B11;-128.23;C11
-106.71;A11;-132.57;B11;-127.84;C11
-105.25;A11;-135.72;B11;-130.36;C11
-110.37;A11;-132.28;B11;-127.67;C11
-108.59;A11;-132.08;B11;-130.35;C11
-104.05;A11;-136.81;B11;-126.81;C11
-108.92;A11;-134.22;B11;-131.08;C11
-105.69;A11;-134.5;B11;-132.56;C11
-108.3;A11;-137.55;B11;-127.47;C11
-105.88;A11;-134.72;B11;-127.65;C11
-105.71;A11;-134.36;B11;-127.29;C11
-110.03;A11;-137.85;B11;-127.47;C11
-104.2;A11;-136.49;B11;-131.54;C11
-104.21;A11;-133.26;B11;-127.13;C11
-104.56;A11;-133.23;B11;-126.84;C11
-105.55;A11;-132.88;B11;-130.12;C11
-105.03;A11;-132.18;B11;-130.27;C11
-109.74;A11;-137.26;B11;-127.4;C11
-104.54;A11;-135.78;B11;-130.79;C11
-106.56;A11;-136.78;B11;-128.15;C11
-108.08;A11;-136.02;B11;-129.05;C11
-110.12;A11;-133.16;B11;-131.9;C11
-104.68;A11;-133.13;B11;-127.69;C11
-109.68;A11;-133.86;B11;-129.97;C11
-109.59;A11;-137.29;B11;-130.54;C11
-130.43;A12;-130.5;B12;-126.02;C12
-129.75;A12;-131.09;B12;-126.54;C12
-129.48;A12;-129.27;B12;-126.78;C12
-127.46;A12;-129.88;B12;-126.62;C12
-129.84;A12;-129.88;B12;-128.02;C12
-128.33;A12;-129.35;B12;-129.57;C12
-128.65;A12;-131.86;B12;-127.67;C12
-126.74;A12;-130.95;B12;-131.9;C12
-126.05;A12;-130.39;B12;-128.16;C12
-127.01;A12;-132.91;B12;-131.05;C12
-132.14;A12;-128.16;B12;-131.49;C12
-127.06;A12;-129.5;B12;-130.68;C12
-128.14;A12;-128.23;B12;-130.72;C12
-131.75;A12;-129.83;B12;-130.34;C12
-132.57;A12;-127.44;B12;-126.77;C12
-132.36;A12;-127.51;B12;-130.51;C12
-126.74;A12;-131.68;B12;-131.91;C12
-132.26;A12;-126.34;B12;-128.63;C12
-129.61;A12;-128.07;B12;-130.79;C12
-128.48;A12;-130.76;B12;-130.31;C12
-129.56;A12;-130.58;B12;-132.03;C12
-126.17;A12;-131.53;B12;-132.83;C12
-127.15;A12;-131.05;B12;-131.95;C12
-131.57;A12;-127.72;B12;-127.37;C12
-130.02;A12;-128.48;B12;-131.45;C12
-132.35;A12;-129.97;B12;-132.1;C12
-127.91;A12;-129.13;B12;-130.75;C12
-131.27;A12;-132.93;B12;-127.46;C12
-131.43;A12;-126.54;B12;-132.29;C12
-127.42;A12;-131.7;B12;-129.83;C12
-127.4;A12;-127.63;B12;-130.43;C12
-131.9;A12;-127.08;B12;-126.81;C12
-130.79;A12;-128.38;B12;-131.12;C12
-132.26;A12;-129.92;B12;-128.24;C12
-132.56;A12;-129.2;B12;-129.9;C12
-127.44;A12;-132.64;B12;-127.99;C12
-132.62;A12;-128.21;B12;-128.21;C12
-132.47;A12;-128.67;B12;-128.63;C12
-130.06;A12;-132.64;B12;-130.47;C12
-126.59;A12;-128.09;B12;-132.21;C12
-128.6;A12;-129.89;B12;-128.99;C12
-128.79;A12;-130.11;B12;-128.23;C12
-130.46;A12;-130.06;B12;-127.98;C12
-127.31;A12;-131.17;B12;-129.42;C12
-129.47;A12;-130.04;B12;-128.65;C12
-129.14;A12;-132.06;B12;-130.59;C12
-128.56;A12;-128.8;B12;-127.4;C12
-132.35;A12;-130.79;B12;-130.93;C12
-130.1;A12;-127.94;B12;-126.55;C12
-123.22;A13;-124.11;B13;-130.91;C13
-122.64;A13;-120.68;B13;-128.86;C13
-124.93;A13;-123.95;B13;-132.14;C13
-122.13;A13;-124.11;B13;-129.37;C13
-122.8;A13;-124.86;B13;-132.89;C13
-122.22;A13;-122.8;B13;-127.47;C13
-123.89;A13;-120.36;B13;-130.63;C13
-120.24;A13;-123.43;B13;-132.91;C13
-122.35;A13;-121.47;B13;-132.11;C13
-118.33;A13;-119.82;B13;-128.63;C13
-118.33;A13;-121.74;B13;-126.99;C13
-121.52;A13;-118.72;B13;-127.09;C13
-122.17;A13;-118.64;B13;-126.64;C13
-120.02;A13;-122.05;B13;-126.86;C13
-119.22;A13;-120.12;B13;-127.95;C13
-120.93;A13;-121.86;B13;-130.93;C13
-121;A13;-124.11;B13;-127.11;C13
-121.09;A13;-121.76;B13;-126.09;C13
-123.6;A13;-122.67;B13;-132.94;C13
-118.65;A13;-120.17;B13;-128.97;C13
-122.07;A13;-119.47;B13;-127.05;C13
-124.03;A13;-118.27;B13;-130.25;C13
-122.29;A13;-121.29;B13;-130.12;C13
-119.71;A13;-122.14;B13;-131.87;C13
-120.88;A13;-121.46;B13;-131.35;C13
-119.79;A13;-124.04;B13;-132.21;C13
-119.58;A13;-123.2;B13;-126.07;C13
-119.06;A13;-119.82;B13;-127.93;C13
-119.77;A13;-120.25;B13;-128.72;C13
-120.78;A13;-123.58;B13;-128.08;C13
-123.6;A13;-121.38;B13;-131.06;C13
-123.96;A13;-122.95;B13;-130.39;C13
-122.34;A13;-122.71;B13;-130.04;C13
-121.9;A13;-119.34;B13;-131.57;C13
-119.96;A13;-123.82;B13;-132.71;C13
-118.05;A13;-122.32;B13;-130.93;C13
-120.71;A13;-121.8;B13;-126.33;C13
-121.45;A13;-121.45;B13;-132.88;C13
-122.09;A13;-120.59;B13;-131.94;C13
-118.52;A13;-124.27;B13;-130.43;C13
-123.76;A13;-124.4;B13;-131.5;C13
-119.38;A13;-122.45;B13;-127.34;C13
-119.42;A13;-118.31;B13;-131.48;C13
-118.71;A13;-118.72;B13;-126.04;C13
-121.44;A13;-118.61;B13;-127.47;C13
-119.85;A13;-124.58;B13;-126.13;C13
-124.88;A13;-118.92;B13;-128.25;C13
-121.24;A13;-120.51;B13;-127.35;C13
-119.28;A13;-124.1;B13;-129.14;C13
-120.28;A13;-119.57;B13;-127.98;C13
-122.31;A13;-121.7;B13;-132.84;C13
-128.17;A14;-132.79;B14;-127.01;C14
-132.64;A14;-128.16;B14;-128.12;C14
-127.5;A14;-129.52;B14;-127.09;C14
-132.22;A14;-126.66;B14;-126.09;C14
-129.77;A14;-127.12;B14;-128.69;C14
-130.62;A14;-129.67;B14;-132.2;C14
-130.94;A14;-128.6;B14;-132.34;C14
-132.63;A14;-127.99;B14;-127.08;C14
-127.74;A14;-128.71;B14;-126.48;C14
-130.17;A14;-128.42;B14;-132.01;C14
-127.2;A14;-132.43;B14;-132.83;C14
-131.87;A14;-132.35;B14;-127.24;C14
-129.84;A14;-126.76;B14;-131.59;C14
-127.23;A14;-126.91;B14;-127.47;C14
-128.08;A14;-129.61;B14;-129.17;C14
-130.94;A14;-126.03;B14;-130.73;C14
-127.14;A14;-128.2;B14;-132.41;C14
-130.63;A14;-129.63;B14;-126.62;C14
-127.56;A14;-127.27;B14;-127.13;C14
-129.03;A14;-127.61;B14;-129.39;C14
-129.94;A14;-129.04;B14;-127.41;C14
-132.49;A14;-129.85;B14;-126.25;C14
-126.95;A14;-130.54;B14;-132.09;C14
-129.08;A14;-128.04;B14;-130.74;C14
-130.76;A14;-131.08;B14;-129;C14
-127.2;A14;-131.38;B14;-130.42;C14
-128.42;A14;-132.47;B14;-126.47;C14
-126.9;A14;-126.15;B14;-129.53;C14
-129.07;A14;-128.68;B14;-130.56;C14
-127.68;A14;-129.97;B14;-130.28;C14
-129.72;A14;-127.49;B14;-127.3;C14
-129.53;A14;-129.27;B14;-131.02;C14
-132.35;A14;-131.02;B14;-127.93;C14
-127.88;A14;-129.43;B14;-131.59;C14
-131.66;A14;-132.03;B14;-128.85;C14
-128.08;A14;-126.44;B14;-129.79;C14
-127.49;A14;-127.79;B14;-129.92;C14
-127.76;A14;-127.77;B14;-129.34;C14
-127.74;A14;-131;B14;-128.03;C14
-132.04;A14;-130.8;B14;-127.67;C14
-132;A14;-127.21;B14;-131.43;C14
-126.61;A14;-128.66;B14;-131.5;C14
-128.91;A14;-126.92;B14;-128.4;C14
-132.18;A14;-128.2;B14;-128.31;C14
-126.99;A14;-128.32;B14;-130.44;C14
-132.54;A14;-129.93;B14;-130.27;C14
-129.6;A14;-130.21;B14;-126.29;C14
-132.05;A14;-128.81;B14;-128.02;C14
-129.91;A14;-128.32;B14;-130.87;C14
-132.06;A15;-104.36;B15;-128.18;C15
-136.29;A15;-109.37;B15;-131.79;C15
-132.14;A15;-105.76;B15;-129.64;C15
-134.21;A15;-104.89;B15;-130.18;C15
-135.14;A15;-104.73;B15;-130.91;C15
-134.54;A15;-105.16;B15;-128.59;C15
-131.87;A15;-106.01;B15;-127.65;C15
-132.02;A15;-105.46;B15;-128.78;C15
-135.63;A15;-107.62;B15;-128.05;C15
-131.98;A15;-104.2;B15;-129.32;C15
-137.74;A15;-110.1;B15;-129.63;C15
-132.25;A15;-107.28;B15;-126.19;C15
-131.05;A15;-105.9;B15;-129.71;C15
-137.93;A15;-109.98;B15;-126.56;C15
-137.27;A15;-106.17;B15;-126.3;C15
-131.14;A15;-107.53;B15;-127.24;C15
-132.66;A15;-107.51;B15;-127.86;C15
-136.26;A15;-106.59;B15;-132.89;C15
-137.47;A15;-104.79;B15;-131.18;C15
-135.55;A15;-107.32;B15;-128.52;C15
-133.13;A15;-104.7;B15;-130.98;C15
-132.46;A15;-104.68;B15;-132.47;C15
-135.18;A15;-107.43;B15;-126.31;C15
-131.74;A15;-108.09;B15;-132.2;C15
-134.62;A15;-106.79;B15;-129.51;C15
-137.88;A15;-107.41;B15;-126.45;C15
-131.35;A15;-110;B15;-126.49;C15
-135.11;A15;-109.01;B15;-132.96;C15
-132.06;A15;-104.99;B15;-128.31;C15
-132.33;A15;-107.62;B15;-126.35;C15
-132.72;A15;-105.21;B15;-129.22;C15
-133.77;A15;-107.89;B15;-126.85;C15
-135.71;A15;-109.91;B15;-126.43;C15
-134.66;A15;-105.04;B15;-126.85;C15
-131.44;A15;-107.96;B15;-126.79;C15
-133.85;A15;-105.49;B15;-128.66;C15
-134.97;A15;-110.85;B15;-129.38;C15
-134.77;A15;-105.28;B15;-130.89;C15
-132.17;A15;-108.83;B15;-129.43;C15
-134.1;A15;-108.84;B15;-131.36;C15
-136.59;A15;-108.82;B15;-132.1;C15
-137.16;A15;-110.94;B15;-132.63;C15
-134.5;A15;-107.39;B15;-126.43;C15
-131.65;A15;-108.64;B15;-129.27;C15
-134.18;A15;-106.82;B15;-129.07;C15
-135.72;A15;-108.87;B15;-130.3;C15
-136.31;A15;-104.03;B15;-131.94;C15
-135.04;A15;-108.88;B15;-131.75;C15
-133.38;A15;-106.55;B15;-130.63;C15
-135.4;A15;-110.45;B15;-127.63;C15
-132.07;A15;-108.81;B15;-130.09;C15
-95.63;A16;-110.35;B16;-113.16;C16
-99.64;A16;-109.24;B16;-116.01;C16
-94.36;A16;-111.06;B16;-115.64;C16
-96.35;A16;-112.4;B16;-112.32;C16
-95.87;A16;-110.72;B16;-111.95;C16
-96.56;A16;-114.33;B16;-117.02;C16
-95.18;A16;-114.72;B16;-117.28;C16
-98.51;A16;-108.72;B16;-116.4;C16
-94.39;A16;-108.46;B16;-114.31;C16
-98.09;A16;-108.3;B16;-116.75;C16
-99.88;A16;-114.21;B16;-116.41;C16
-96.68;A16;-114.44;B16;-117.46;C16
-99.49;A16;-111.94;B16;-114.47;C16
-100.24;A16;-111.41;B16;-112.47;C16
-98.66;A16;-112.56;B16;-114.25;C16
-94.24;A16;-108.72;B16;-117.56;C16
-98.65;A16;-111.07;B16;-111.56;C16
-100.54;A16;-109.39;B16;-113.16;C16
-95.72;A16;-108;B16;-111.09;C16
-95.13;A16;-108.64;B16;-113.34;C16
-100.95;A16;-110.38;B16;-117.48;C16
-96.38;A16;-113.13;B16;-114.87;C16
-94.66;A16;-110.09;B16;-112.21;C16
-96.87;A16;-111.61;B16;-112.36;C16
-95.05;A16;-112.05;B16;-116.57;C16
-95.59;A16;-108.45;B16;-115.97;C16
-99.63;A16;-112.53;B16;-115.85;C16
-95.54;A16;-113.88;B16;-112.56;C16
-98.52;A16;-113.77;B16;-114.53;C16
-96.79;A16;-114.38;B16;-116.71;C16
-97.7;A16;-114.84;B16;-117.38;C16
-99.76;A16;-111.09;B16;-111.85;C16
-99.83;A16;-113.34;B16;-117.6;C16
-95.65;A16;-114.18;B16;-117.98;C16
-94.06;A16;-111.9;B16;-112.39;C16
-96.6;A16;-113.99;B16;-115.73;C16
-97.89;A16;-111.25;B16;-115.6;C16
-95.48;A16;-112.52;B16;-117.27;C16
-100.54;A16;-113.26;B16;-113.94;C16
-94.23;A16;-113.22;B16;-113.55;C16
-94.39;A16;-109.49;B16;-113.1;C16
-96.95;A16;-113.39;B16;-116.69;C16
-94.38;A16;-109.35;B16;-111.59;C16
-98.9;A16;-110.15;B16;-117.91;C16
-94.95;A16;-114.12;B16;-111.92;C16
-97;A16;-111.38;B16;-111.26;C16
-97.43;A16;-108.78;B16;-112.22;C16
-99.05;A16;-113;B16;-115.41;C16
-99.68;A16;-110.87;B16;-116.39;C16
-96.96;A16;-108.5;B16;-111.53;C16
-108.97;A17;-131.62;B17;-123.08;C17
-114.39;A17;-132.7;B17;-124.91;C17
-111.58;A17;-126.2;B17;-125.81;C17
-110.61;A17;-128.4;B17;-124.9;C17
-110.32;A17;-126.52;B17;-123.1;C17
-111.48;A17;-126.81;B17;-122.92;C17
-109.41;A17;-130.23;B17;-125.58;C17
-111.25;A17;-132.37;B17;-122.26;C17
-110.19;A17;-126.64;B17;-123.49;C17
-110.68;A17;-132.05;B17;-126.21;C17
-114.09;A17;-128.83;B17;-123.95;C17
-108.77;A17;-127.93;B17;-121.39;C17
-108.28;A17;-126.13;B17;-127.09;C17
-111.61;A17;-131.34;B17;-127.75;C17
-109.14;A17;-126.99;B17;-126.02;C17
-110.99;A17;-128.49;B17;-121.8;C17
-114.18;A17;-130.58;B17;-126.25;C17
-114.27;A17;-129.66;B17;-126.2;C17
-112.83;A17;-132.72;B17;-122.46;C17
-108.09;A17;-131.46;B17;-127.91;C17
-114.7;A17;-129.43;B17;-121.69;C17
-114.92;A17;-130.4;B17;-121.09;C17
-113.68;A17;-128.65;B17;-121.45;C17
-112.11;A17;-130.78;B17;-125;C17
-114.66;A17;-132.11;B17;-122.83;C17
-110.29;A17;-126.69;B17;-123.61;C17
-110.93;A17;-129.25;B17;-122.52;C17
-112.46;A17;-131.16;B17;-121.72;C17
-113.8;A17;-128.38;B17;-124;C17
-114.53;A17;-127.26;B17;-122.8;C17
-109.96;A17;-128.4;B17;-126.05;C17
-110.06;A17;-131.35;B17;-124.52;C17
-108.43;A17;-132.29;B17;-121.3;C17
-114.35;A17;-128.09;B17;-126.65;C17
-111.24;A17;-128.45;B17;-123.95;C17
-112.74;A17;-130.55;B17;-126.53;C17
-108.08;A17;-131.3;B17;-124.13;C17
-110.15;A17;-126.05;B17;-125.98;C17
-113.45;A17;-126.43;B17;-126.81;C17
-114;A17;-128.74;B17;-122.29;C17
-111.16;A17;-128.27;B17;-124.08;C17
-108.62;A17;-128.75;B17;-124.73;C17
-114.91;A17;-131.29;B17;-127.01;C17
-114.19;A17;-130.1;B17;-121.97;C17
-110.44;A17;-132.17;B17;-122.15;C17
-108.48;A17;-129.96;B17;-127;C17
-109.02;A17;-126.37;B17;-126.15;C17
-113.3;A17;-131.99;B17;-125.05;C17
-110.5;A17;-128.03;B17;-127.35;C17
-110.65;A17;-128.48;B17;-125.8;C17
-118.73;A18;-118.58;B18;-127.91;C18
-116.24;A18;-119.18;B18;-127.14;C18
-118.68;A18;-116.68;B18;-124.69;C18
-117.27;A18;-116.54;B18;-123.56;C18
-115.81;A18;-120.07;B18;-127.93;C18
-114.95;A18;-115.22;B18;-129.57;C18
-117.95;A18;-114.78;B18;-127.86;C18
-116.45;A18;-120.15;B18;-126.77;C18
-118.54;A18;-116.42;B18;-125.23;C18
-119.77;A18;-114.67;B18;-125.96;C18
-114.87;A18;-117.58;B18;-124.76;C18
-119.15;A18;-120.74;B18;-124.84;C18
-114.46;A18;-116.32;B18;-127.66;C18
-115.64;A18;-117.63;B18;-124.78;C18
-116.6;A18;-117.41;B18;-126.81;C18
-118.61;A18;-119.04;B18;-129.06;C18
-114.69;A18;-120.74;B18;-128.55;C18
-119.76;A18;-117.1;B18;-123.14;C18
-120.87;A18;-115.31;B18;-127.02;C18
-116.87;A18;-118.5;B18;-126.6;C18
-117.9;A18;-119.62;B18;-128.54;C18
-116.57;A18;-114.17;B18;-127.91;C18
-118.72;A18;-119.84;B18;-124.52;C18
-118.15;A18;-118.67;B18;-129.92;C18
-120.65;A18;-116.47;B18;-124.19;C18
-115.43;A18;-114.46;B18;-124.83;C18
-119.76;A18;-118.57;B18;-127.37;C18
-118.75;A18;-116.48;B18;-129.21;C18
-117.86;A18;-118.76;B18;-129.66;C18
-117.85;A18;-120.49;B18;-123.39;C18
-119.3;A18;-117.35;B18;-128.97;C18
-115.07;A18;-116.64;B18;-123.63;C18
-116.72;A18;-117.32;B18;-125.5;C18
-115.51;A18;-118.71;B18;-124.02;C18
-119.73;A18;-120.63;B18;-128.23;C18
-117.82;A18;-117.59;B18;-123.73;C18
-119.98;A18;-120.68;B18;-126.22;C18
-116.33;A18;-114.24;B18;-125.88;C18
-116.88;A18;-114.2;B18;-129.62;C18
-118.84;A18;-117.03;B18;-127.22;C18
-118.55;A18;-118.72;B18;-125.17;C18
-114.75;A18;-115.01;B18;-124.86;C18
-118.52;A18;-120.21;B18;-126.57;C18
-114.33;A18;-120.56;B18;-129.02;C18
-114.34;A18;-119.94;B18;-125.08;C18
-114.68;A18;-116.02;B18;-126.32;C18
-120;A18;-118.7;B18;-128.24;C18
-117.36;A18;-115.56;B18;-123.14;C18
-115.99;A18;-118.69;B18;-125.47;C18
-115.75;A18;-116.89;B18;-124.88;C18
-127.68;A19;-113.26;B19;-128.35;C19
-126.46;A19;-113.64;B19;-130.69;C19
-126.37;A19;-113.14;B19;-128.14;C19
-129.9;A19;-111.58;B19;-127.14;C19
-130.6;A19;-112.42;B19;-127.95;C19
-132.52;A19;-108.77;B19;-131.82;C19
-131.3;A19;-109.35;B19;-131.68;C19
-130.56;A19;-108.43;B19;-129.94;C19
-132.41;A19;-113.31;B19;-129.13;C19
-126.88;A19;-111.08;B19;-127.64;C19
-132.45;A19;-113.61;B19;-131.69;C19
-132.38;A19;-109.51;B19;-128.03;C19
-128.31;A19;-108.61;B19;-132.46;C19
-132.31;A19;-113.35;B19;-126.87;C19
-132.57;A19;-112.38;B19;-126.9;C19
-130.07;A19;-113.99;B19;-132.48;C19
-126.84;A19;-111.34;B19;-131.29;C19
-132.59;A19;-113.87;B19;-128.67;C19
-126.57;A19;-114.58;B19;-132.49;C19
-132.35;A19;-114.78;B19;-132.78;C19
-132.47;A19;-108.49;B19;-131.82;C19
-130.24;A19;-108.08;B19;-131.75;C19
-131.96;A19;-113.97;B19;-132.02;C19
-126.75;A19;-113.97;B19;-126.46;C19
-132.22;A19;-110.46;B19;-126.04;C19
-126.94;A19;-108.49;B19;-131.06;C19
-130.33;A19;-109.64;B19;-129.07;C19
-130.85;A19;-113.56;B19;-131.26;C19
-130.54;A19;-114.97;B19;-129.43;C19
-129.22;A19;-109.66;B19;-126.04;C19
-132.32;A19;-112.74;B19;-130.75;C19
-126.11;A19;-114.99;B19;-128.04;C19
-128.77;A19;-113.01;B19;-132.28;C19
-132.31;A19;-112.19;B19;-131.52;C19
-130.65;A19;-114.48;B19;-129.31;C19
-132.69;A19;-112.44;B19;-132.73;C19
-131.45;A19;-109.21;B19;-132.16;C19
-127.18;A19;-114.98;B19;-126.29;C19
-127.46;A19;-114.83;B19;-129.28;C19
-128.1;A19;-108.9;B19;-131.63;C19
-128.38;A19;-109.07;B19;-131.26;C19
-131.26;A19;-114.66;B19;-130.18;C19
-126.43;A19;-111.66;B19;-130.8;C19
-126.73;A19;-112.07;B19;-127.48;C19
-127.79;A19;-111.84;B19;-127.95;C19
-129.96;A19;-111.92;B19;-128;C19
-130.29;A19;-108.17;B19;-130.62;C19
-131.29;A19;-110.39;B19;-126.84;C19
-132.85;A19;-111.73;B19;-132.57;C19
-130.92;A19;-114;B19;-131.32;C19
-113.58;A20;-95.18;B20;-138.08;C20
-114.08;A20;-99.88;B20;-141.99;C20
-108.96;A20;-100.46;B20;-140.99;C20
-111.67;A20;-99.96;B20;-135.34;C20
-112.39;A20;-100.15;B20;-140.71;C20
-113.25;A20;-96.23;B20;-135.57;C20
-108.43;A20;-98.18;B20;-140.23;C20
-113.74;A20;-100;B20;-137.79;C20
-110.15;A20;-94.87;B20;-136.61;C20
-109.71;A20;-96.19;B20;-140.01;C20
-111.65;A20;-96.47;B20;-139.78;C20
-112.96;A20;-97.86;B20;-135.38;C20
-114.53;A20;-97.49;B20;-139.1;C20
-111.93;A20;-96.38;B20;-135.8;C20
-113.74;A20;-96.82;B20;-137.74;C20
-109.97;A20;-96.32;B20;-139.09;C20
-108.62;A20;-94.66;B20;-139.41;C20
-114.5;A20;-98.27;B20;-141.37;C20
-110.03;A20;-98.47;B20;-141.91;C20
-114.7;A20;-95.45;B20;-135.57;C20
-112.73;A20;-94.75;B20;-138.52;C20
-108.57;A20;-96.21;B20;-137.69;C20
-111.03;A20;-99.96;B20;-137.55;C20
-110.91;A20;-99.33;B20;-139.85;C20
-110.93;A20;-95.98;B20;-135.98;C20
-113;A20;-96.65;B20;-139.2;C20
-108.38;A20;-100.33;B20;-140.07;C20
-114.49;A20;-95.95;B20;-135.02;C20
-113.07;A20;-100.55;B20;-136.9;C20
-111.4;A20;-94.37;B20;-135.78;C20
-114.91;A20;-97.77;B20;-136.34;C20
-114.08;A20;-99.08;B20;-136.38;C20
-108.3;A20;-100.25;B20;-140.26;C20
-113.17;A20;-94.12;B20;-141.91;C20
-113.38;A20;-100.95;B20;-140.77;C20
-112.72;A20;-100.07;B20;-135.92;C20
-108.75;A20;-100.87;B20;-136.44;C20
-112.11;A20;-100.92;B20;-136.79;C20
-112.55;A20;-98.91;B20;-136.01;C20
-108.82;A20;-98.88;B20;-140.26;C20
-110.75;A20;-94.91;B20;-136.02;C20
-113.2;A20;-96.48;B20;-135.89;C20
-113.32;A20;-97.99;B20;-138.9;C20
-109.4;A20;-99.95;B20;-136.63;C20
-113;A20;-94.67;B20;-139.77;C20
-112.16;A20;-95.88;B20;-136.31;C20
-109.16;A20;-97.85;B20;-136.14;C20
-113.2;A20;-99.6;B20;-140.11;C20
-114.99;A20;-94.33;B20;-140.89;C20
-110.74;A20;-98.14;B20;-140.86;C20
-64.74;A21;-104.17;B21;-116.9;C21
-63.48;A21;-107.21;B21;-122.97;C21
-64.13;A21;-106.73;B21;-120.65;C21
-67.67;A21;-107.99;B21;-121.59;C21
-65.06;A21;-107.16;B21;-119.66;C21
-63.57;A21;-107.13;B21;-116.99;C21
-62.72;A21;-109.53;B21;-121.65;C21
-67.98;A21;-104.46;B21;-118.29;C21
-64.44;A21;-104.77;B21;-118.24;C21
-65.63;A21;-105.49;B21;-116.05;C21
-62.73;A21;-107.29;B21;-122.58;C21
-67.2;A21;-109.74;B21;-118.4;C21
-63.85;A21;-104.23;B21;-120.27;C21
-67.96;A21;-108.63;B21;-119.84;C21
-66.62;A21;-108.01;B21;-118.83;C21
-61.28;A21;-107.52;B21;-122.19;C21
-63.42;A21;-106.68;B21;-117;C21
-66.39;A21;-108.91;B21;-121.3;C21
-65.4;A21;-110.66;B21;-121.57;C21
-66.9;A21;-110.17;B21;-122.49;C21
-61.16;A21;-109.47;B21;-122.36;C21
-63.69;A21;-108.61;B21;-117.05;C21
-63.49;A21;-109.08;B21;-121.34;C21
-65.99;A21;-109.82;B21;-116.42;C21
-65.83;A21;-107.62;B21;-119.98;C21
-63.91;A21;-105.78;B21;-118.91;C21
-62.8;A21;-110.42;B21;-120.89;C21
-67.19;A21;-108.93;B21;-120.92;C21
-67.66;A21;-105.14;B21;-118.9;C21
-63.55;A21;-106.39;B21;-116.26;C21
-63.04;A21;-106.75;B21;-117.42;C21
-65.5;A21;-105.13;B21;-119.83;C21
-63.12;A21;-104.61;B21;-118.35;C21
-64.13;A21;-105.69;B21;-120.76;C21
-66.92;A21;-107.19;B21;-118.25;C21
-65.7;A21;-110.21;B21;-116.31;C21
-63.74;A21;-105.23;B21;-121.35;C21
-65.24;A21;-104.27;B21;-119.95;C21
-65.36;A21;-110.26;B21;-116.06;C21
-65.7;A21;-110.76;B21;-121.73;C21
-66.8;A21;-105.98;B21;-116.23;C21
-62.44;A21;-110.08;B21;-122.14;C21
-65.24;A21;-106.57;B21;-116.45;C21
-65.93;A21;-110.91;B21;-118.33;C21
-63.6;A21;-104.69;B21;-116.9;C21
-63.57;A21;-107.31;B21;-118.7;C21
-62.89;A21;-108.14;B21;-119.39;C21
-61.29;A21;-105.87;B21;-116.09;C21
-61.74;A21;-105.12;B21;-119.3;C21
-66.16;A21;-107.87;B21;-119.64;C21
-73.33;A22;-100.1;B22;-126.2;C22
-72.69;A22;-99.09;B22;-128.9;C22
-73.96;A22;-102.8;B22;-127.28;C22
-77.59;A22;-102.29;B22;-126.79;C22
-74.89;A22;-97.89;B22;-124.14;C22
-71.92;A22;-96.86;B22;-130.25;C22
-72.12;A22;-101.86;B22;-128.11;C22
-72.9;A22;-97;B22;-124.22;C22
-76.54;A22;-100.64;B22;-130.32;C22
-77.12;A22;-101.5;B22;-125.25;C22
-73.05;A22;-97.47;B22;-125.4;C22
-76.23;A22;-96.9;B22;-128.21;C22
-73.26;A22;-100.16;B22;-125.1;C22
-74.71;A22;-97.8;B22;-129.43;C22
-73.96;A22;-98.82;B22;-130.47;C22
-73.18;A22;-101.29;B22;-128.46;C22
-73.36;A22;-98.08;B22;-125.14;C22
-74.14;A22;-97.12;B22;-129.75;C22
-75.33;A22;-96.82;B22;-125.52;C22
-76.88;A22;-101.79;B22;-128.17;C22
-72.08;A22;-101.24;B22;-125.24;C22
-71.64;A22;-97.53;B22;-127.74;C22
-77.32;A22;-98.82;B22;-127.92;C22
-71.32;A22;-102.77;B22;-129.12;C22
-74.18;A22;-101.27;B22;-126.14;C22
-76.59;A22;-96.95;B22;-125.72;C22
-71.48;A22;-102.65;B22;-129.71;C22
-76.07;A22;-97.02;B22;-130.34;C22
-76.04;A22;-100.13;B22;-129.07;C22
-74.64;A22;-102.02;B22;-128.91;C22
-73.49;A22;-97.91;B22;-126.53;C22
-77.91;A22;-97.93;B22;-126.19;C22
-73.87;A22;-98.42;B22;-125.77;C22
-76.21;A22;-98.88;B22;-130.8;C22
-75.19;A22;-99.72;B22;-128.9;C22
-74.25;A22;-98.44;B22;-130.95;C22
-74.86;A22;-97.64;B22;-126.11;C22
-75.34;A22;-100.75;B22;-125.22;C22
-75.76;A22;-99.27;B22;-126.1;C22
-74.84;A22;-100.97;B22;-125.99;C22
-72.93;A22;-102.89;B22;-126.73;C22
-71.7;A22;-97.8;B22;-127.27;C22
-73.28;A22;-100.02;B22;-127.21;C22
-73.9;A22;-101.29;B22;-127.36;C22
-73.65;A22;-102.17;B22;-125.45;C22
-77.01;A22;-96.76;B22;-124.04;C22
-73.72;A22;-98.62;B22;-126.92;C22
-71.31;A22;-101.48;B22;-127.93;C22
-72.77;A22;-100.31;B22;-129.48;C22
-74.69;A22;-97.36;B22;-126.01;C22
-91.77;A23;-94.79;B23;-128.67;C23
-91.78;A23;-96.72;B23;-131.21;C23
-96.25;A23;-95.36;B23;-131.58;C23
-95.8;A23;-95.38;B23;-129.59;C23
-94.52;A23;-94.39;B23;-128.74;C23
-92.69;A23;-92;B23;-129.09;C23
-92.84;A23;-97.01;B23;-128.4;C23
-92.41;A23;-97.54;B23;-128.27;C23
-93.57;A23;-91.24;B23;-133.08;C23
-91.02;A23;-92.11;B23;-132.78;C23
-97.83;A23;-93.38;B23;-131.15;C23
-94.51;A23;-96.98;B23;-132.76;C23
-91.67;A23;-92;B23;-132.83;C23
-91.39;A23;-97.14;B23;-134.2;C23
-93.21;A23;-93.02;B23;-131.95;C23
-92.53;A23;-97.48;B23;-128.79;C23
-92.98;A23;-96.67;B23;-134.69;C23
-94.47;A23;-96.45;B23;-134.14;C23
-96.06;A23;-96.47;B23;-130.46;C23
-92.98;A23;-96.24;B23;-130.51;C23
-96.86;A23;-96.05;B23;-134.85;C23
-94.43;A23;-91.73;B23;-132.2;C23
-92.46;A23;-92.57;B23;-129.14;C23
-94.81;A23;-96.19;B23;-129.16;C23
-94.88;A23;-94.85;B23;-129.68;C23
-93.1;A23;-92.18;B23;-130.21;C23
-95.26;A23;-95.82;B23;-128.67;C23
-91.75;A23;-96.31;B23;-133.71;C23
-97.55;A23;-91.57;B23;-128.4;C23
-93.89;A23;-97.33;B23;-133.73;C23
-92.26;A23;-94.14;B23;-130.36;C23
-97.71;A23;-97.65;B23;-133;C23
-93.6;A23;-95.57;B23;-133.37;C23
-91.99;A23;-96.04;B23;-130.15;C23
-94.93;A23;-94.75;B23;-129.52;C23
-91.72;A23;-97.29;B23;-129.43;C23
-94.1;A23;-95.23;B23;-128.89;C23
-94.42;A23;-95.2;B23;-130.95;C23
-95.66;A23;-93.06;B23;-129.03;C23
-93.6;A23;-94.26;B23;-132.33;C23
-92.09;A23;-97.07;B23;-129.57;C23
-92.31;A23;-97.31;B23;-128.78;C23
-91.9;A23;-91.48;B23;-129.73;C23
-95.86;A23;-94.83;B23;-134.57;C23
-97.18;A23;-95.27;B23;-130.97;C23
-92.67;A23;-91.32;B23;-132.51;C23
-96.68;A23;-97.93;B23;-132.63;C23
-96.66;A23;-96.94;B23;-134.06;C23
-95.26;A23;-92.7;B23;-132.3;C23
-96.54;A23;-91.28;B23;-132.87;C23
-99.07;A24;-76.08;B24;-137.78;C24
-99.36;A24;-72.69;B24;-140.44;C24
-96.4;A24;-75.11;B24;-135.12;C24
-97.66;A24;-77.6;B24;-137.46;C24
-100.59;A24;-72.23;B24;-136.35;C24
-96.63;A24;-75.11;B24;-134.01;C24
-100.89;A24;-72.5;B24;-135.28;C24
-101.6;A24;-71.08;B24;-139.84;C24
-101.97;A24;-71.83;B24;-137.9;C24
-98.28;A24;-71.86;B24;-138.83;C24
-101.1;A24;-76.88;B24;-138.8;C24
-102.14;A24;-72.88;B24;-139.76;C24
-96.01;A24;-73.07;B24;-135.77;C24
-97.76;A24;-72.14;B24;-136.43;C24
-101.87;A24;-75.6;B24;-140.46;C24
-101.42;A24;-73.41;B24;-138.21;C24
-96.53;A24;-71.61;B24;-134.97;C24
-100.04;A24;-74.48;B24;-138.99;C24
-101.83;A24;-72.33;B24;-140.36;C24
-97.91;A24;-73;B24;-134.34;C24
-102.41;A24;-71.24;B24;-138.29;C24
-97.28;A24;-74.93;B24;-135.14;C24
-99.98;A24;-76.45;B24;-134.13;C24
-96.96;A24;-73.4;B24;-138.34;C24
-98.5;A24;-72.14;B24;-138.77;C24
-100.24;A24;-71.28;B24;-137.59;C24
-99.61;A24;-74.45;B24;-137.7;C24
-101.3;A24;-76.83;B24;-134.35;C24
-100.02;A24;-72.77;B24;-135.86;C24
-102.25;A24;-77.19;B24;-138.84;C24
-102.86;A24;-73.49;B24;-136.69;C24
-96.05;A24;-77.24;B24;-137.17;C24
-96.9;A24;-72.85;B24;-139.51;C24
-102.27;A24;-73.27;B24;-136.65;C24
-98.64;A24;-71.84;B24;-134.42;C24
-97.08;A24;-75.61;B24;-138.33;C24
-98.5;A24;-74.18;B24;-139.49;C24
-100.9;A24;-76.04;B24;-137.4;C24
-96.83;A24;-77.17;B24;-140.25;C24
-102.01;A24;-77.75;B24;-138.37;C24
-98.83;A24;-72.57;B24;-137.47;C24
-96.97;A24;-77.14;B24;-136.98;C24
-98.1;A24;-75.08;B24;-136.56;C24
-102.65;A24;-74;B24;-135.99;C24
-100.06;A24;-74.81;B24;-137.31;C24
-102.58;A24;-72.06;B24;-136.95;C24
-102.1;A24;-72.68;B24;-137.51;C24
-99.32;A24;-71.27;B24;-136.31;C24
-101.81;A24;-71.46;B24;-139.63;C24
-101.78;A24;-77.3;B24;-140.15;C24
-107.04;A25;-62.37;B25;-145.05;C25
-106.43;A25;-64.64;B25;-145.46;C25
-105.89;A25;-61.55;B25;-145.79;C25
-110.53;A25;-63.04;B25;-147.05;C25
-107.04;A25;-66.87;B25;-145.86;C25
-109.88;A25;-65.75;B25;-145.38;C25
-107.47;A25;-63.15;B25;-146.49;C25
-107.19;A25;-64.53;B25;-144.21;C25
-106.87;A25;-65.56;B25;-146.43;C25
-105.38;A25;-65.24;B25;-143.02;C25
-106.41;A25;-67.27;B25;-145.06;C25
-110.83;A25;-62.16;B25;-147.15;C25
-105.03;A25;-66.47;B25;-143.43;C25
-106.95;A25;-63.54;B25;-144.26;C25
-108.65;A25;-67.83;B25;-146.51;C25
-107.55;A25;-67.06;B25;-141.45;C25
-107.74;A25;-64.7;B25;-143.5;C25
-109.26;A25;-66.03;B25;-144.85;C25
-104.46;A25;-65.43;B25;-146.67;C25
-104.07;A25;-61.48;B25;-144.41;C25
-104.46;A25;-62.68;B25;-146.09;C25
-106.82;A25;-64.36;B25;-145.97;C25
-109.52;A25;-64.18;B25;-147.38;C25
-108.15;A25;-67.33;B25;-147.73;C25
-110.15;A25;-62.85;B25;-142.57;C25
-110.41;A25;-62.54;B25;-141.59;C25
-104.93;A25;-66.03;B25;-143.56;C25
-106.23;A25;-66.05;B25;-144.7;C25
-110.56;A25;-62.67;B25;-141.75;C25
-109.23;A25;-66.32;B25;-143.03;C25
-109.67;A25;-62.35;B25;-143.98;C25
-108.39;A25;-61.97;B25;-147.64;C25
-106.38;A25;-61.16;B25;-146.15;C25
-107.73;A25;-62.16;B25;-143.91;C25
-106.95;A25;-65.31;B25;-145.54;C25
-105.28;A25;-66.26;B25;-147.55;C25
-105.76;A25;-65.41;B25;-141.79;C25
-107.02;A25;-64.49;B25;-146.09;C25
-104.64;A25;-67.63;B25;-145.28;C25
-104.82;A25;-64.92;B25;-142.39;C25
-105.71;A25;-62.99;B25;-142.73;C25
-108.12;A25;-67.45;B25;-147.34;C25
-108.56;A25;-66.88;B25;-146.7;C25
-110.85;A25;-67.07;B25;-144.75;C25
-104.58;A25;-64.29;B25;-143.73;C25
-107.94;A25;-66.33;B25;-141.45;C25
-106.75;A25;-64.71;B25;-142.96;C25
-108.95;A25;-63.74;B25;-144.93;C25
-106.2;A25;-66.3;B25;-141.87;C25
-110.44;A25;-65.53;B25;-144.47;C25
